msg_index, msg_priority, msg_type, msg_start_time(ts), msg_success_send
1, 0, d, 1700642752.982377064, 1
2, 0, d, 1700642753.17849741, 1
3, 0, d, 1700642753.52221572, 1
4, 0, d, 1700642753.86724117, 1
5, 0, d, 1700642753.120928767, 1
6, 0, d, 1700642753.155508006, 1
7, 0, d, 1700642753.190268274, 1
8, 0, d, 1700642753.224650459, 1
9, 0, d, 1700642753.259137048, 1
10, 0, d, 1700642753.293650874, 1
11, 0, d, 1700642753.328182604, 1
12, 0, d, 1700642753.362549433, 1
13, 0, d, 1700642753.397261583, 1
14, 0, d, 1700642753.431891103, 1
15, 0, d, 1700642753.467077531, 1
16, 0, d, 1700642753.501572810, 1
17, 0, d, 1700642753.535915524, 1
18, 0, d, 1700642753.570627969, 1
19, 0, d, 1700642753.605148042, 1
20, 0, d, 1700642753.639658863, 1
21, 0, d, 1700642753.674157403, 1
22, 0, d, 1700642753.708695939, 1
23, 0, d, 1700642753.743162025, 1
24, 0, d, 1700642753.777665164, 1
25, 0, d, 1700642753.812199742, 1
26, 0, d, 1700642753.846658670, 1
27, 0, d, 1700642753.881185483, 1
28, 0, d, 1700642753.915499221, 1
29, 0, d, 1700642753.949910250, 1
30, 0, d, 1700642753.984454574, 1
31, 0, d, 1700642754.19061539, 1
32, 0, d, 1700642754.53662154, 1
33, 0, d, 1700642754.88158785, 1
34, 0, d, 1700642754.122675644, 1
35, 0, d, 1700642754.157381654, 1
36, 0, d, 1700642754.191894181, 1
37, 0, d, 1700642754.226270142, 1
38, 0, d, 1700642754.260743698, 1
39, 0, d, 1700642754.295199752, 1
40, 0, d, 1700642754.329751240, 1
41, 0, d, 1700642754.364321765, 1
42, 0, d, 1700642754.398830894, 1
43, 0, d, 1700642754.433397143, 1
44, 0, d, 1700642754.467941940, 1
45, 0, d, 1700642754.502506154, 1
46, 0, d, 1700642754.537101328, 1
47, 0, d, 1700642754.571741989, 1
48, 0, d, 1700642754.606218636, 1
49, 0, d, 1700642754.640639612, 1
50, 0, d, 1700642754.674966585, 1
51, 0, d, 1700642754.709403151, 1
52, 0, d, 1700642754.743867517, 1
53, 0, d, 1700642754.778453984, 1
54, 0, d, 1700642754.813099744, 1
55, 0, d, 1700642754.847694289, 1
56, 0, d, 1700642754.882274899, 1
57, 0, d, 1700642754.917131325, 1
58, 0, d, 1700642754.951966655, 1
59, 0, d, 1700642754.986567785, 1
60, 0, d, 1700642755.20941276, 1
61, 0, d, 1700642755.55861972, 1
62, 0, d, 1700642755.90346137, 1
63, 0, d, 1700642755.124943475, 1
64, 0, d, 1700642755.159505893, 1
65, 0, d, 1700642755.193969435, 1
66, 0, d, 1700642755.229345592, 1
67, 0, d, 1700642755.264041529, 1
68, 0, d, 1700642755.298741834, 1
69, 0, d, 1700642755.333224655, 1
70, 0, d, 1700642755.367571478, 1
71, 0, d, 1700642755.402067991, 1
72, 0, d, 1700642755.436695655, 1
73, 0, d, 1700642755.471116622, 1
74, 0, d, 1700642755.505688281, 1
75, 0, d, 1700642755.540145918, 1
76, 0, d, 1700642755.574587843, 1
77, 0, d, 1700642755.609082814, 1
78, 0, d, 1700642755.643528789, 1
79, 0, d, 1700642755.678048863, 1
80, 0, d, 1700642755.712872096, 1
81, 0, d, 1700642755.747692019, 1
82, 0, d, 1700642755.782439976, 1
83, 0, d, 1700642755.816998118, 1
84, 0, d, 1700642755.851716068, 1
85, 0, d, 1700642755.886379618, 1
86, 0, d, 1700642755.920919164, 1
87, 0, d, 1700642755.955453288, 1
88, 0, d, 1700642755.989869313, 1
89, 0, d, 1700642756.24342245, 1
90, 0, d, 1700642756.59011242, 1
91, 0, d, 1700642756.93676968, 1
92, 0, d, 1700642756.128216634, 1
93, 0, d, 1700642756.162763018, 1
94, 0, d, 1700642756.197265820, 1
95, 0, d, 1700642756.231489609, 1
96, 0, d, 1700642756.266024061, 1
97, 0, d, 1700642756.300559818, 1
98, 0, d, 1700642756.335032756, 1
99, 0, d, 1700642756.371443680, 1
100, 0, d, 1700642756.405980101, 1
101, 0, d, 1700642756.440384206, 1
102, 0, d, 1700642756.474965194, 1
103, 0, d, 1700642756.509443527, 1
104, 0, d, 1700642756.543951922, 1
105, 0, d, 1700642756.578368750, 1
106, 0, d, 1700642756.612951917, 1
107, 0, d, 1700642756.647499736, 1
108, 0, d, 1700642756.682101926, 1
109, 0, d, 1700642756.716639671, 1
110, 0, d, 1700642756.751006384, 1
111, 0, d, 1700642756.785317593, 1
112, 0, d, 1700642756.820098879, 1
113, 0, d, 1700642756.854624795, 1
114, 0, d, 1700642756.889141541, 1
115, 0, d, 1700642756.923849031, 1
116, 0, d, 1700642756.958545750, 1
117, 0, d, 1700642756.992940608, 1
118, 0, d, 1700642757.27496607, 1
119, 0, d, 1700642757.62116501, 1
120, 0, d, 1700642757.96713062, 1
121, 0, d, 1700642757.131252583, 1
122, 0, d, 1700642757.165777476, 1
123, 0, d, 1700642757.200248212, 1
124, 0, d, 1700642757.234473632, 1
125, 0, d, 1700642757.268844864, 1
126, 0, d, 1700642757.303350857, 1
127, 0, d, 1700642757.337767464, 1
128, 0, d, 1700642757.372017109, 1
129, 0, d, 1700642757.406508501, 1
130, 0, d, 1700642757.440975905, 1
131, 0, d, 1700642757.475192856, 1
132, 0, d, 1700642757.509603287, 1
133, 0, d, 1700642757.544150823, 1
134, 0, d, 1700642757.578796983, 1
135, 0, d, 1700642757.613304159, 1
136, 0, d, 1700642757.647807629, 1
137, 0, d, 1700642757.682173980, 1
138, 0, d, 1700642757.716583203, 1
139, 0, d, 1700642757.751141147, 1
140, 0, d, 1700642757.785626026, 1
141, 0, d, 1700642757.820186878, 1
142, 0, d, 1700642757.854673414, 1
143, 0, d, 1700642757.889244024, 1
144, 0, d, 1700642757.924899778, 1
145, 0, d, 1700642757.959257426, 1
146, 0, d, 1700642757.993525983, 1
147, 0, d, 1700642758.28165842, 1
148, 0, d, 1700642758.62716634, 1
149, 0, d, 1700642758.96940991, 1
150, 0, d, 1700642758.131294404, 1
151, 0, d, 1700642758.165850680, 1
152, 0, d, 1700642758.200276436, 1
153, 0, d, 1700642758.235429722, 1
154, 0, d, 1700642758.269843716, 1
155, 0, d, 1700642758.304480558, 1
156, 0, d, 1700642758.338958948, 1
157, 0, d, 1700642758.373654709, 1
158, 0, d, 1700642758.408114655, 1
159, 0, d, 1700642758.442745040, 1
160, 0, d, 1700642758.477192251, 1
161, 0, d, 1700642758.511603084, 1
162, 0, d, 1700642758.546155877, 1
163, 0, d, 1700642758.580876776, 1
164, 0, d, 1700642758.615421168, 1
165, 0, d, 1700642758.650067252, 1
166, 0, d, 1700642758.684380935, 1
167, 0, d, 1700642758.718818239, 1
168, 0, d, 1700642758.753151501, 1
169, 0, d, 1700642758.787720679, 1
170, 0, d, 1700642758.822160260, 1
171, 0, d, 1700642758.856615819, 1
172, 0, d, 1700642758.891106804, 1
173, 0, d, 1700642758.925929541, 1
174, 0, d, 1700642758.960449970, 1
175, 0, d, 1700642758.994891442, 1
176, 0, d, 1700642759.29722045, 1
177, 0, d, 1700642759.64163879, 1
178, 0, d, 1700642759.98737485, 1
179, 0, d, 1700642759.133682978, 1
180, 0, d, 1700642759.168387043, 1
181, 0, d, 1700642759.203403524, 1
182, 0, d, 1700642759.238352199, 1
183, 0, d, 1700642759.273189292, 1
184, 0, d, 1700642759.307932514, 1
185, 0, d, 1700642759.342877825, 1
186, 0, d, 1700642759.377734191, 1
187, 0, d, 1700642759.412247274, 1
188, 0, d, 1700642759.446919954, 1
189, 0, d, 1700642759.481429001, 1
190, 0, d, 1700642759.516077914, 1
191, 0, d, 1700642759.550793038, 1
192, 0, d, 1700642759.585567749, 1
193, 0, d, 1700642759.620162647, 1
194, 0, d, 1700642759.654843864, 1
195, 0, d, 1700642759.690127802, 1
196, 0, d, 1700642759.724802445, 1
197, 0, d, 1700642759.759628314, 1
198, 0, d, 1700642759.794288402, 1
199, 0, d, 1700642759.829580039, 1
200, 0, d, 1700642759.865213353, 1
201, 0, d, 1700642759.900278584, 1
202, 0, d, 1700642759.935271721, 1
203, 0, d, 1700642759.969837502, 1
204, 0, d, 1700642760.4517799, 1
205, 0, d, 1700642760.40334826, 1
206, 0, d, 1700642760.74725240, 1
207, 0, d, 1700642760.109645464, 1
208, 0, d, 1700642760.144688608, 1
209, 0, d, 1700642760.179138655, 1
210, 0, d, 1700642760.213639227, 1
211, 0, d, 1700642760.248177659, 1
212, 0, d, 1700642760.282641226, 1
213, 0, d, 1700642760.317288967, 1
214, 0, d, 1700642760.352764819, 1
215, 0, d, 1700642760.387489135, 1
216, 0, d, 1700642760.422271253, 1
217, 0, d, 1700642760.457326213, 1
218, 0, d, 1700642760.492224036, 1
219, 0, d, 1700642760.526930696, 1
220, 0, d, 1700642760.562024329, 1
221, 0, d, 1700642760.597029497, 1
222, 0, d, 1700642760.631918992, 1
223, 0, d, 1700642760.666589877, 1
224, 0, d, 1700642760.701137511, 1
225, 0, d, 1700642760.735932611, 1
226, 0, d, 1700642760.770412032, 1
227, 0, d, 1700642760.805214472, 1
228, 0, d, 1700642760.840275280, 1
229, 0, d, 1700642760.874868936, 1
230, 0, d, 1700642760.910430112, 1
231, 0, d, 1700642760.944807631, 1
232, 0, d, 1700642760.980506189, 1
233, 0, d, 1700642761.16057386, 1
234, 0, d, 1700642761.50438989, 1
235, 0, d, 1700642761.85408126, 1
236, 0, d, 1700642761.120287780, 1
237, 0, d, 1700642761.155079887, 1
238, 0, d, 1700642761.189916280, 1
239, 0, d, 1700642761.224819844, 1
240, 0, d, 1700642761.259588740, 1
241, 0, d, 1700642761.294540715, 1
242, 0, d, 1700642761.329258752, 1
243, 0, d, 1700642761.363903846, 1
244, 0, d, 1700642761.398594785, 1
245, 0, d, 1700642761.433168937, 1
246, 0, d, 1700642761.468887192, 1
247, 0, d, 1700642761.503973764, 1
248, 0, d, 1700642761.538446145, 1
249, 0, d, 1700642761.573891651, 1
250, 0, d, 1700642761.608548208, 1
251, 0, d, 1700642761.643235616, 1
252, 0, d, 1700642761.677731284, 1
253, 0, d, 1700642761.712681131, 1
254, 0, d, 1700642761.747135735, 1
255, 0, d, 1700642761.781622209, 1
256, 0, d, 1700642761.816418953, 1
257, 0, d, 1700642761.851071010, 1
258, 0, d, 1700642761.886147081, 1
259, 0, d, 1700642761.921049259, 1
260, 0, d, 1700642761.956098073, 1
261, 0, d, 1700642761.990977455, 1
262, 0, d, 1700642762.25606855, 1
263, 0, d, 1700642762.60436662, 1
264, 0, d, 1700642762.94959939, 1
265, 0, d, 1700642762.129314273, 1
266, 0, d, 1700642762.163912362, 1
267, 0, d, 1700642762.199221795, 1
268, 0, d, 1700642762.233652633, 1
269, 0, d, 1700642762.268716273, 1
270, 0, d, 1700642762.304083563, 1
271, 0, d, 1700642762.338983738, 1
272, 0, d, 1700642762.373684545, 1
273, 0, d, 1700642762.408613485, 1
274, 0, d, 1700642762.444492702, 1
275, 0, d, 1700642762.479344450, 1
276, 0, d, 1700642762.514814061, 1
277, 0, d, 1700642762.549147887, 1
278, 0, d, 1700642762.583953306, 1
279, 0, d, 1700642762.619219430, 1
280, 0, d, 1700642762.653959533, 1
281, 0, d, 1700642762.689095763, 1
282, 0, d, 1700642762.724079598, 1
283, 0, d, 1700642762.759381119, 1
284, 0, d, 1700642762.794326146, 1
285, 0, d, 1700642762.829582225, 1
286, 0, d, 1700642762.864653715, 1
287, 0, d, 1700642762.899365835, 1
288, 0, d, 1700642762.934135161, 1
289, 0, d, 1700642762.968856505, 1
290, 0, d, 1700642763.4905034, 1
291, 0, d, 1700642763.39992079, 1
292, 0, d, 1700642763.75193480, 1
293, 0, d, 1700642763.110217076, 1
294, 0, d, 1700642763.145115409, 1
295, 0, d, 1700642763.179722660, 1
296, 0, d, 1700642763.214591980, 1
297, 0, d, 1700642763.249812571, 1
298, 0, d, 1700642763.284785617, 1
299, 0, d, 1700642763.319494291, 1
300, 0, d, 1700642763.354339076, 1
301, 0, d, 1700642763.389038690, 1
302, 0, d, 1700642763.424567129, 1
303, 0, d, 1700642763.459333551, 1
304, 0, d, 1700642763.494384510, 1
305, 0, d, 1700642763.529254729, 1
306, 0, d, 1700642763.564337146, 1
307, 0, d, 1700642763.599477358, 1
308, 0, d, 1700642763.634585019, 1
309, 0, d, 1700642763.669571646, 1
310, 0, d, 1700642763.704154079, 1
311, 0, d, 1700642763.738731234, 1
312, 0, d, 1700642763.773311464, 1
313, 0, d, 1700642763.808231199, 1
314, 0, d, 1700642763.843576983, 1
315, 0, d, 1700642763.878786216, 1
316, 0, d, 1700642763.913471108, 1
317, 0, d, 1700642763.948618433, 1
318, 0, d, 1700642763.983766898, 1
319, 0, d, 1700642764.18760165, 1
320, 0, d, 1700642764.53573656, 1
321, 0, d, 1700642764.88625957, 1
322, 0, d, 1700642764.124025541, 1
323, 0, d, 1700642764.159057928, 1
324, 0, d, 1700642764.194689931, 1
325, 0, d, 1700642764.229969144, 1
326, 0, d, 1700642764.265236023, 1
327, 0, d, 1700642764.299827530, 1
328, 0, d, 1700642764.334323610, 1
329, 0, d, 1700642764.369614892, 1
330, 0, d, 1700642764.404136469, 1
331, 0, d, 1700642764.439353081, 1
332, 0, d, 1700642764.474305098, 1
333, 0, d, 1700642764.509852315, 1
334, 0, d, 1700642764.545582890, 1
335, 0, d, 1700642764.580517365, 1
336, 0, d, 1700642764.615773911, 1
337, 0, d, 1700642764.650424614, 1
338, 0, d, 1700642764.685358918, 1
339, 0, d, 1700642764.719956169, 1
340, 0, d, 1700642764.754730256, 1
341, 0, d, 1700642764.789712814, 1
342, 0, d, 1700642764.824283733, 1
343, 0, d, 1700642764.859303337, 1
344, 0, d, 1700642764.893810327, 1
345, 0, d, 1700642764.928897327, 1
346, 0, d, 1700642764.964614973, 1
347, 0, d, 1700642764.999849983, 1
348, 0, d, 1700642765.34768567, 1
349, 0, d, 1700642765.70019207, 1
350, 0, d, 1700642765.105024721, 1
351, 0, d, 1700642765.139499239, 1
352, 0, d, 1700642765.174807733, 1
353, 0, d, 1700642765.210012812, 1
354, 0, d, 1700642765.245629199, 1
355, 0, d, 1700642765.280754956, 1
356, 0, d, 1700642765.316174223, 1
357, 0, d, 1700642765.351336874, 1
358, 0, d, 1700642765.386427995, 1
359, 0, d, 1700642765.420948036, 1
360, 0, d, 1700642765.456042270, 1
361, 0, d, 1700642765.491243838, 1
362, 0, d, 1700642765.526605214, 1
363, 0, d, 1700642765.561403534, 1
364, 0, d, 1700642765.596773735, 1
365, 0, d, 1700642765.631805524, 1
366, 0, d, 1700642765.666216375, 1
367, 0, d, 1700642765.700809259, 1
368, 0, d, 1700642765.735276176, 1
369, 0, d, 1700642765.770159424, 1
370, 0, d, 1700642765.804805659, 1
371, 0, d, 1700642765.839791218, 1
372, 0, d, 1700642765.874832398, 1
373, 0, d, 1700642765.909823375, 1
374, 0, d, 1700642765.944830964, 1
375, 0, d, 1700642765.980780282, 1
376, 0, d, 1700642766.16298046, 1
377, 0, d, 1700642766.51175207, 1
378, 0, d, 1700642766.85690565, 1
379, 0, d, 1700642766.120313736, 1
380, 0, d, 1700642766.155806294, 1
381, 0, d, 1700642766.190599970, 1
382, 0, d, 1700642766.225163267, 1
383, 0, d, 1700642766.259974375, 1
384, 0, d, 1700642766.294660905, 1
385, 0, d, 1700642766.329375337, 1
386, 0, d, 1700642766.364245158, 1
387, 0, d, 1700642766.398922548, 1
388, 0, d, 1700642766.433585269, 1
389, 0, d, 1700642766.468345060, 1
390, 0, d, 1700642766.503075581, 1
391, 0, d, 1700642766.537692865, 1
392, 0, d, 1700642766.572279668, 1
393, 0, d, 1700642766.607259298, 1
394, 0, d, 1700642766.641635997, 1
395, 0, d, 1700642766.676321285, 1
396, 0, d, 1700642766.711032419, 1
397, 0, d, 1700642766.745751882, 1
398, 0, d, 1700642766.780115545, 1
399, 0, d, 1700642766.814855541, 1
400, 0, d, 1700642766.849596694, 1
401, 0, d, 1700642766.884215800, 1
402, 0, d, 1700642766.918862615, 1
403, 0, d, 1700642766.953582163, 1
404, 0, d, 1700642766.988228673, 1
405, 0, d, 1700642767.22868914, 1
406, 0, d, 1700642767.57516176, 1
407, 0, d, 1700642767.92095392, 1
408, 0, d, 1700642767.126900465, 1
409, 0, d, 1700642767.161556120, 1
410, 0, d, 1700642767.195775458, 1
411, 0, d, 1700642767.230536215, 1
412, 0, d, 1700642767.265713082, 1
413, 0, d, 1700642767.300263750, 1
414, 0, d, 1700642767.334936536, 1
415, 0, d, 1700642767.370087897, 1
416, 0, d, 1700642767.405582551, 1
417, 0, d, 1700642767.440972237, 1
418, 0, d, 1700642767.475645779, 1
419, 0, d, 1700642767.510498303, 1
420, 0, d, 1700642767.545596496, 1
421, 0, d, 1700642767.580815178, 1
422, 0, d, 1700642767.616265954, 1
423, 0, d, 1700642767.650857253, 1
424, 0, d, 1700642767.685835630, 1
425, 0, d, 1700642767.720909527, 1
426, 0, d, 1700642767.755681309, 1
427, 0, d, 1700642767.790228303, 1
428, 0, d, 1700642767.825576773, 1
429, 0, d, 1700642767.860336953, 1
430, 0, d, 1700642767.895025018, 1
431, 0, d, 1700642767.929842715, 1
432, 0, d, 1700642767.964529779, 1
433, 0, d, 1700642767.999202515, 1
434, 0, d, 1700642768.33802162, 1
435, 0, d, 1700642768.68652779, 1
436, 0, d, 1700642768.104622177, 1
437, 0, d, 1700642768.139898483, 1
438, 0, d, 1700642768.174659634, 1
439, 0, d, 1700642768.209996910, 1
440, 0, d, 1700642768.245148104, 1
441, 0, d, 1700642768.279691010, 1
442, 0, d, 1700642768.314542856, 1
443, 0, d, 1700642768.349230666, 1
444, 0, d, 1700642768.383818037, 1
445, 0, d, 1700642768.418390428, 1
446, 0, d, 1700642768.452989932, 1
447, 0, d, 1700642768.487615247, 1
448, 0, d, 1700642768.522255287, 1
449, 0, d, 1700642768.557551145, 1
450, 0, d, 1700642768.592618563, 1
451, 0, d, 1700642768.627934343, 1
452, 0, d, 1700642768.662379286, 1
453, 0, d, 1700642768.697657837, 1
454, 0, d, 1700642768.732663153, 1
455, 0, d, 1700642768.767395985, 1
456, 0, d, 1700642768.802180228, 1
457, 0, d, 1700642768.836802574, 1
458, 0, d, 1700642768.871462136, 1
459, 0, d, 1700642768.906186832, 1
460, 0, d, 1700642768.941048754, 1
461, 0, d, 1700642768.976300076, 1
462, 0, d, 1700642769.11279618, 1
463, 0, d, 1700642769.46100329, 1
464, 0, d, 1700642769.81187583, 1
465, 0, d, 1700642769.116300242, 1
466, 0, d, 1700642769.152202973, 1
467, 0, d, 1700642769.187430314, 1
468, 0, d, 1700642769.222454000, 1
469, 0, d, 1700642769.257141227, 1
470, 0, d, 1700642769.291929644, 1
471, 0, d, 1700642769.326352799, 1
472, 0, d, 1700642769.361514498, 1
473, 0, d, 1700642769.397043152, 1
474, 0, d, 1700642769.431892483, 1
475, 0, d, 1700642769.466331306, 1
476, 0, d, 1700642769.500914001, 1
477, 0, d, 1700642769.535890784, 1
478, 0, d, 1700642769.570722225, 1
479, 0, d, 1700642769.605907958, 1
480, 0, d, 1700642769.640352542, 1
481, 0, d, 1700642769.675466087, 1
482, 0, d, 1700642769.710404207, 1
483, 0, d, 1700642769.745094533, 1
484, 0, d, 1700642769.780294942, 1
485, 0, d, 1700642769.815757069, 1
486, 0, d, 1700642769.850505976, 1
487, 0, d, 1700642769.885570135, 1
488, 0, d, 1700642769.920570505, 1
489, 0, d, 1700642769.955800373, 1
490, 0, d, 1700642769.990434187, 1
491, 0, d, 1700642770.24819619, 1
492, 0, d, 1700642770.60037572, 1
493, 0, d, 1700642770.95136442, 1
494, 0, d, 1700642770.130637087, 1
495, 0, d, 1700642770.165225644, 1
496, 0, d, 1700642770.200087444, 1
497, 0, d, 1700642770.234681672, 1
498, 0, d, 1700642770.269216921, 1
499, 0, d, 1700642770.304307016, 1
500, 0, d, 1700642770.339351588, 1
501, 0, d, 1700642770.374178957, 1
502, 0, d, 1700642770.408920705, 1
503, 0, d, 1700642770.443800092, 1
504, 0, d, 1700642770.478456129, 1
505, 0, d, 1700642770.513343273, 1
506, 0, d, 1700642770.548405442, 1
507, 0, d, 1700642770.583089064, 1
508, 0, d, 1700642770.617665389, 1
509, 0, d, 1700642770.652471692, 1
510, 0, d, 1700642770.687514960, 1
511, 0, d, 1700642770.722249041, 1
512, 0, d, 1700642770.756868083, 1
513, 0, d, 1700642770.792865967, 1
514, 0, d, 1700642770.828575217, 1
515, 0, d, 1700642770.864009202, 1
516, 0, d, 1700642770.898959186, 1
517, 0, d, 1700642770.934229179, 1
518, 0, d, 1700642770.968885874, 1
519, 0, d, 1700642771.4068514, 1
520, 0, d, 1700642771.39623108, 1
521, 0, d, 1700642771.74739688, 1
522, 0, d, 1700642771.109705757, 1
523, 0, d, 1700642771.144712034, 1
524, 0, d, 1700642771.179408381, 1
525, 0, d, 1700642771.214100006, 1
526, 0, d, 1700642771.249095323, 1
527, 0, d, 1700642771.284777116, 1
528, 0, d, 1700642771.320124003, 1
529, 0, d, 1700642771.354917053, 1
530, 0, d, 1700642771.389867132, 1
531, 0, d, 1700642771.425186526, 1
532, 0, d, 1700642771.460268846, 1
533, 0, d, 1700642771.495656256, 1
534, 0, d, 1700642771.530106451, 1
535, 0, d, 1700642771.564919441, 1
536, 0, d, 1700642771.600364175, 1
537, 0, d, 1700642771.635443061, 1
538, 0, d, 1700642771.670055937, 1
539, 0, d, 1700642771.705304167, 1
540, 0, d, 1700642771.740548586, 1
541, 0, d, 1700642771.775735734, 1
542, 0, d, 1700642771.811205834, 1
543, 0, d, 1700642771.845770522, 1
544, 0, d, 1700642771.880765256, 1
545, 0, d, 1700642771.915653051, 1
546, 0, d, 1700642771.950884348, 1
547, 0, d, 1700642771.986464593, 1
548, 0, d, 1700642772.21790666, 1
549, 0, d, 1700642772.56286457, 1
550, 0, d, 1700642772.91250934, 1
551, 0, d, 1700642772.126251075, 1
552, 0, d, 1700642772.161006268, 1
553, 0, d, 1700642772.195841815, 1
554, 0, d, 1700642772.230438917, 1
555, 0, d, 1700642772.266266630, 1
556, 0, d, 1700642772.301518830, 1
557, 0, d, 1700642772.336491503, 1
558, 0, d, 1700642772.371580554, 1
559, 0, d, 1700642772.406107210, 1
560, 0, d, 1700642772.440866274, 1
561, 0, d, 1700642772.475896438, 1
562, 0, d, 1700642772.510981191, 1
563, 0, d, 1700642772.546095690, 1
564, 0, d, 1700642772.580932787, 1
565, 0, d, 1700642772.615569932, 1
566, 0, d, 1700642772.650191842, 1
567, 0, d, 1700642772.684989705, 1
568, 0, d, 1700642772.720103556, 1
569, 0, d, 1700642772.755071308, 1
570, 0, d, 1700642772.791002668, 1
571, 0, d, 1700642772.826124359, 1
572, 0, d, 1700642772.861419069, 1
573, 0, d, 1700642772.896407845, 1
574, 0, d, 1700642772.931586377, 1
575, 0, d, 1700642772.966669050, 1
576, 0, d, 1700642773.1359256, 1
577, 0, d, 1700642773.36391362, 1
578, 0, d, 1700642773.71446095, 1
579, 0, d, 1700642773.106407044, 1
580, 0, d, 1700642773.140978853, 1
581, 0, d, 1700642773.176119788, 1
582, 0, d, 1700642773.212047809, 1
583, 0, d, 1700642773.246965554, 1
584, 0, d, 1700642773.282155581, 1
585, 0, d, 1700642773.317647421, 1
586, 0, d, 1700642773.352954992, 1
587, 0, d, 1700642773.387870840, 1
588, 0, d, 1700642773.422315064, 1
589, 0, d, 1700642773.456878950, 1
590, 0, d, 1700642773.492164671, 1
591, 0, d, 1700642773.527369491, 1
592, 0, d, 1700642773.562578925, 1
593, 0, d, 1700642773.597610731, 1
594, 0, d, 1700642773.632520214, 1
595, 0, d, 1700642773.667578795, 1
596, 0, d, 1700642773.703096392, 1
597, 0, d, 1700642773.737933881, 1
598, 0, d, 1700642773.772312703, 1
599, 0, d, 1700642773.807085368, 1
600, 0, d, 1700642773.841548824, 1
601, 0, d, 1700642773.876274958, 1
602, 0, d, 1700642773.911252387, 1
603, 0, d, 1700642773.945836747, 1
604, 0, d, 1700642773.980503915, 1
605, 0, d, 1700642774.15182855, 1
606, 0, d, 1700642774.50458910, 1
607, 0, d, 1700642774.85557055, 1
608, 0, d, 1700642774.120935711, 1
609, 0, d, 1700642774.155859266, 1
610, 0, d, 1700642774.191051469, 1
611, 0, d, 1700642774.225727272, 1
612, 0, d, 1700642774.260997674, 1
613, 0, d, 1700642774.296035503, 1
614, 0, d, 1700642774.331192284, 1
615, 0, d, 1700642774.366463891, 1
616, 0, d, 1700642774.400922196, 1
617, 0, d, 1700642774.435482558, 1
618, 0, d, 1700642774.470960368, 1
619, 0, d, 1700642774.505817823, 1
620, 0, d, 1700642774.540487699, 1
621, 0, d, 1700642774.575057644, 1
622, 0, d, 1700642774.609588398, 1
623, 0, d, 1700642774.644210520, 1
624, 0, d, 1700642774.678818833, 1
625, 0, d, 1700642774.713437796, 1
626, 0, d, 1700642774.748202264, 1
627, 0, d, 1700642774.782896241, 1
628, 0, d, 1700642774.817609735, 1
629, 0, d, 1700642774.852377934, 1
630, 0, d, 1700642774.887160185, 1
631, 0, d, 1700642774.921882763, 1
632, 0, d, 1700642774.956627781, 1
633, 0, d, 1700642774.991346413, 1
634, 0, d, 1700642775.25577795, 1
635, 0, d, 1700642775.60348093, 1
636, 0, d, 1700642775.95000948, 1
637, 0, d, 1700642775.129621941, 1
638, 0, d, 1700642775.164346162, 1
639, 0, d, 1700642775.199058733, 1
640, 0, d, 1700642775.233822887, 1
641, 0, d, 1700642775.268387665, 1
642, 0, d, 1700642775.302745440, 1
643, 0, d, 1700642775.337243862, 1
644, 0, d, 1700642775.371974675, 1
645, 0, d, 1700642775.406616363, 1
646, 0, d, 1700642775.441303975, 1
647, 0, d, 1700642775.476005467, 1
648, 0, d, 1700642775.510720932, 1
649, 0, d, 1700642775.545482413, 1
650, 0, d, 1700642775.580249317, 1
651, 0, d, 1700642775.615024025, 1
652, 0, d, 1700642775.649800837, 1
653, 0, d, 1700642775.684484225, 1
654, 0, d, 1700642775.719409141, 1
655, 0, d, 1700642775.753930430, 1
656, 0, d, 1700642775.788417844, 1
657, 0, d, 1700642775.823141016, 1
658, 0, d, 1700642775.857948314, 1
659, 0, d, 1700642775.892749017, 1
660, 0, d, 1700642775.927539833, 1
661, 0, d, 1700642775.962295498, 1
662, 0, d, 1700642775.996954969, 1
663, 0, d, 1700642776.31623298, 1
664, 0, d, 1700642776.66334662, 1
665, 0, d, 1700642776.100990997, 1
666, 0, d, 1700642776.135700891, 1
667, 0, d, 1700642776.169917157, 1
668, 0, d, 1700642776.204305759, 1
669, 0, d, 1700642776.238820082, 1
670, 0, d, 1700642776.273244033, 1
671, 0, d, 1700642776.307690352, 1
672, 0, d, 1700642776.341983045, 1
673, 0, d, 1700642776.376656835, 1
674, 0, d, 1700642776.411515947, 1
675, 0, d, 1700642776.446193132, 1
676, 0, d, 1700642776.481057461, 1
677, 0, d, 1700642776.516044865, 1
678, 0, d, 1700642776.550926771, 1
679, 0, d, 1700642776.585690989, 1
680, 0, d, 1700642776.620558714, 1
681, 0, d, 1700642776.655370797, 1
682, 0, d, 1700642776.690187990, 1
683, 0, d, 1700642776.725273060, 1
684, 0, d, 1700642776.760528289, 1
685, 0, d, 1700642776.795103048, 1
686, 0, d, 1700642776.830383455, 1
687, 0, d, 1700642776.865929992, 1
688, 0, d, 1700642776.900546264, 1
689, 0, d, 1700642776.935518392, 1
690, 0, d, 1700642776.970150025, 1
691, 0, d, 1700642777.4751370, 1
692, 0, d, 1700642777.39379987, 1
693, 0, d, 1700642777.74085023, 1
694, 0, d, 1700642777.109040160, 1
695, 0, d, 1700642777.143728985, 1
696, 0, d, 1700642777.178564395, 1
697, 0, d, 1700642777.213527821, 1
698, 0, d, 1700642777.248219276, 1
699, 0, d, 1700642777.282960745, 1
700, 0, d, 1700642777.317745619, 1
701, 0, d, 1700642777.352453466, 1
702, 0, d, 1700642777.387271077, 1
703, 0, d, 1700642777.422383930, 1
704, 0, d, 1700642777.457382052, 1
705, 0, d, 1700642777.492143985, 1
706, 0, d, 1700642777.526837357, 1
707, 0, d, 1700642777.561683416, 1
708, 0, d, 1700642777.596282414, 1
709, 0, d, 1700642777.630914514, 1
710, 0, d, 1700642777.665498638, 1
711, 0, d, 1700642777.700237527, 1
712, 0, d, 1700642777.735021615, 1
713, 0, d, 1700642777.769814736, 1
714, 0, d, 1700642777.804653089, 1
715, 0, d, 1700642777.840144007, 1
716, 0, d, 1700642777.875018308, 1
717, 0, d, 1700642777.909691737, 1
718, 0, d, 1700642777.944410481, 1
719, 0, d, 1700642777.979012274, 1
720, 0, d, 1700642778.14242403, 1
721, 0, d, 1700642778.49183934, 1
722, 0, d, 1700642778.83748332, 1
723, 0, d, 1700642778.118448881, 1
724, 0, d, 1700642778.153189604, 1
725, 0, d, 1700642778.187791345, 1
726, 0, d, 1700642778.222611649, 1
727, 0, d, 1700642778.257283718, 1
728, 0, d, 1700642778.292137021, 1
729, 0, d, 1700642778.326868475, 1
730, 0, d, 1700642778.361411107, 1
731, 0, d, 1700642778.396082901, 1
732, 0, d, 1700642778.430627643, 1
733, 0, d, 1700642778.465317839, 1
734, 0, d, 1700642778.499943891, 1
735, 0, d, 1700642778.534571712, 1
736, 0, d, 1700642778.569137594, 1
737, 0, d, 1700642778.604037851, 1
738, 0, d, 1700642778.639320198, 1
739, 0, d, 1700642778.674852638, 1
740, 0, d, 1700642778.710049128, 1
741, 0, d, 1700642778.744577807, 1
742, 0, d, 1700642778.779121269, 1
743, 0, d, 1700642778.814512820, 1
744, 0, d, 1700642778.849912259, 1
745, 0, d, 1700642778.884895571, 1
746, 0, d, 1700642778.919839670, 1
747, 0, d, 1700642778.954431052, 1
748, 0, d, 1700642778.988938723, 1
749, 0, d, 1700642779.23636300, 1
750, 0, d, 1700642779.58212154, 1
751, 0, d, 1700642779.92652086, 1
752, 0, d, 1700642779.127268728, 1
753, 0, d, 1700642779.162118560, 1
754, 0, d, 1700642779.197419250, 1
755, 0, d, 1700642779.232277204, 1
756, 0, d, 1700642779.266710604, 1
757, 0, d, 1700642779.301281720, 1
758, 0, d, 1700642779.335998836, 1
759, 0, d, 1700642779.370620178, 1
760, 0, d, 1700642779.405235894, 1
761, 0, d, 1700642779.439883749, 1
762, 0, d, 1700642779.474733207, 1
763, 0, d, 1700642779.509534099, 1
764, 0, d, 1700642779.543850898, 1
765, 0, d, 1700642779.578360381, 1
766, 0, d, 1700642779.612948773, 1
767, 0, d, 1700642779.647618458, 1
768, 0, d, 1700642779.681998626, 1
769, 0, d, 1700642779.716888339, 1
770, 0, d, 1700642779.751623727, 1
771, 0, d, 1700642779.786171449, 1
772, 0, d, 1700642779.820682760, 1
773, 0, d, 1700642779.856172443, 1
774, 0, d, 1700642779.890907412, 1
775, 0, d, 1700642779.926364894, 1
776, 0, d, 1700642779.961235975, 1
777, 0, d, 1700642779.995859386, 1
778, 0, d, 1700642780.30472333, 1
779, 0, d, 1700642780.65039285, 1
780, 0, d, 1700642780.100071725, 1
781, 0, d, 1700642780.135309065, 1
782, 0, d, 1700642780.170519843, 1
783, 0, d, 1700642780.205929365, 1
784, 0, d, 1700642780.240957457, 1
785, 0, d, 1700642780.276051136, 1
786, 0, d, 1700642780.311087841, 1
787, 0, d, 1700642780.345611772, 1
788, 0, d, 1700642780.380501876, 1
789, 0, d, 1700642780.415456676, 1
790, 0, d, 1700642780.450595494, 1
791, 0, d, 1700642780.485662466, 1
792, 0, d, 1700642780.520152127, 1
793, 0, d, 1700642780.554806483, 1
794, 0, d, 1700642780.590078215, 1
795, 0, d, 1700642780.625244947, 1
796, 0, d, 1700642780.660511465, 1
797, 0, d, 1700642780.696160409, 1
798, 0, d, 1700642780.730843042, 1
799, 0, d, 1700642780.766570869, 1
800, 0, d, 1700642780.801377242, 1
801, 0, d, 1700642780.836084600, 1
802, 0, d, 1700642780.870794399, 1
803, 0, d, 1700642780.905773018, 1
804, 0, d, 1700642780.940061959, 1
805, 0, d, 1700642780.974671859, 1
806, 0, d, 1700642781.9466572, 1
807, 0, d, 1700642781.44032295, 1
808, 0, d, 1700642781.78811813, 1
809, 0, d, 1700642781.113627722, 1
810, 0, d, 1700642781.148173034, 1
811, 0, d, 1700642781.182888555, 1
812, 0, d, 1700642781.217748937, 1
813, 0, d, 1700642781.252379919, 1
814, 0, d, 1700642781.287188772, 1
815, 0, d, 1700642781.321861295, 1
816, 0, d, 1700642781.356574813, 1
817, 0, d, 1700642781.390994815, 1
818, 0, d, 1700642781.425681634, 1
819, 0, d, 1700642781.459937852, 1
820, 0, d, 1700642781.494615203, 1
821, 0, d, 1700642781.529309995, 1
822, 0, d, 1700642781.563935282, 1
823, 0, d, 1700642781.598540199, 1
824, 0, d, 1700642781.633154893, 1
825, 0, d, 1700642781.667810411, 1
826, 0, d, 1700642781.702225981, 1
827, 0, d, 1700642781.736597796, 1
828, 0, d, 1700642781.771119050, 1
829, 0, d, 1700642781.806346774, 1
830, 0, d, 1700642781.841132114, 1
831, 0, d, 1700642781.876627349, 1
832, 0, d, 1700642781.911333932, 1
833, 0, d, 1700642781.945826677, 1
834, 0, d, 1700642781.981058906, 1
835, 0, d, 1700642782.15808433, 1
836, 0, d, 1700642782.50622977, 1
837, 0, d, 1700642782.85168441, 1
838, 0, d, 1700642782.119625863, 1
839, 0, d, 1700642782.154784590, 1
840, 0, d, 1700642782.189522591, 1
841, 0, d, 1700642782.223997205, 1
842, 0, d, 1700642782.258640236, 1
843, 0, d, 1700642782.293176779, 1
844, 0, d, 1700642782.327770555, 1
845, 0, d, 1700642782.363458139, 1
846, 0, d, 1700642782.398240483, 1
847, 0, d, 1700642782.433774772, 1
848, 0, d, 1700642782.468424619, 1
849, 0, d, 1700642782.502840187, 1
850, 0, d, 1700642782.537625945, 1
851, 0, d, 1700642782.573066863, 1
852, 0, d, 1700642782.607977240, 1
853, 0, d, 1700642782.642895703, 1
854, 0, d, 1700642782.677322213, 1
855, 0, d, 1700642782.711969750, 1
856, 0, d, 1700642782.746600954, 1
857, 0, d, 1700642782.781163217, 1
858, 0, d, 1700642782.816083458, 1
859, 0, d, 1700642782.850731543, 1
860, 0, d, 1700642782.885661360, 1
861, 0, d, 1700642782.920448530, 1
862, 0, d, 1700642782.955231676, 1
863, 0, d, 1700642782.989969140, 1
864, 0, d, 1700642783.24677044, 1
865, 0, d, 1700642783.59402660, 1
866, 0, d, 1700642783.94126961, 1
867, 0, d, 1700642783.128692878, 1
868, 0, d, 1700642783.163056761, 1
869, 0, d, 1700642783.197734742, 1
870, 0, d, 1700642783.231987344, 1
871, 0, d, 1700642783.266379511, 1
872, 0, d, 1700642783.300698615, 1
873, 0, d, 1700642783.335110056, 1
874, 0, d, 1700642783.369849789, 1
875, 0, d, 1700642783.404796467, 1
876, 0, d, 1700642783.439776550, 1
877, 0, d, 1700642783.474604289, 1
878, 0, d, 1700642783.509596851, 1
879, 0, d, 1700642783.544625680, 1
880, 0, d, 1700642783.579133997, 1
881, 0, d, 1700642783.613713264, 1
882, 0, d, 1700642783.648312616, 1
883, 0, d, 1700642783.683109829, 1
884, 0, d, 1700642783.717985854, 1
885, 0, d, 1700642783.752682485, 1
886, 0, d, 1700642783.787263178, 1
887, 0, d, 1700642783.821887215, 1
888, 0, d, 1700642783.856580921, 1
889, 0, d, 1700642783.891160179, 1
890, 0, d, 1700642783.925669742, 1
891, 0, d, 1700642783.960257561, 1
892, 0, d, 1700642783.994870691, 1
893, 0, d, 1700642784.29558080, 1
894, 0, d, 1700642784.64116927, 1
895, 0, d, 1700642784.98781090, 1
896, 0, d, 1700642784.133561676, 1
897, 0, d, 1700642784.168379249, 1
898, 0, d, 1700642784.202984941, 1
899, 0, d, 1700642784.237627663, 1
900, 0, d, 1700642784.272284358, 1
901, 0, d, 1700642784.306837955, 1
902, 0, d, 1700642784.341523105, 1
903, 0, d, 1700642784.376163412, 1
904, 0, d, 1700642784.410852400, 1
905, 0, d, 1700642784.445607549, 1
906, 0, d, 1700642784.480269251, 1
907, 0, d, 1700642784.514851691, 1
908, 0, d, 1700642784.549616925, 1
909, 0, d, 1700642784.584429156, 1
910, 0, d, 1700642784.619285612, 1
911, 0, d, 1700642784.654470685, 1
912, 0, d, 1700642784.689534258, 1
913, 0, d, 1700642784.724604697, 1
914, 0, d, 1700642784.759402139, 1
915, 0, d, 1700642784.794014509, 1
916, 0, d, 1700642784.829174676, 1
917, 0, d, 1700642784.864230972, 1
918, 0, d, 1700642784.899978694, 1
919, 0, d, 1700642784.935293260, 1
920, 0, d, 1700642784.970444834, 1
921, 0, d, 1700642785.5482298, 1
922, 0, d, 1700642785.40144872, 1
923, 0, d, 1700642785.74950975, 1
924, 0, d, 1700642785.109496799, 1
925, 0, d, 1700642785.143980505, 1
926, 0, d, 1700642785.178901687, 1
927, 0, d, 1700642785.213567480, 1
928, 0, d, 1700642785.248329954, 1
929, 0, d, 1700642785.283120461, 1
930, 0, d, 1700642785.317757353, 1
931, 0, d, 1700642785.352448838, 1
932, 0, d, 1700642785.386924911, 1
933, 0, d, 1700642785.421602302, 1
934, 0, d, 1700642785.456347985, 1
935, 0, d, 1700642785.490799642, 1
936, 0, d, 1700642785.526230764, 1
937, 0, d, 1700642785.560975151, 1
938, 0, d, 1700642785.595542096, 1
939, 0, d, 1700642785.630778745, 1
940, 0, d, 1700642785.665761595, 1
941, 0, d, 1700642785.701168369, 1
942, 0, d, 1700642785.736028159, 1
943, 0, d, 1700642785.770897653, 1
944, 0, d, 1700642785.806282197, 1
945, 0, d, 1700642785.841482011, 1
946, 0, d, 1700642785.876871981, 1
947, 0, d, 1700642785.911903367, 1
948, 0, d, 1700642785.946610683, 1
949, 0, d, 1700642785.981768539, 1
950, 0, d, 1700642786.16872200, 1
951, 0, d, 1700642786.51718257, 1
952, 0, d, 1700642786.86865936, 1
953, 0, d, 1700642786.121516662, 1
954, 0, d, 1700642786.156210550, 1
955, 0, d, 1700642786.190832628, 1
956, 0, d, 1700642786.225956925, 1
957, 0, d, 1700642786.260898509, 1
958, 0, d, 1700642786.296909144, 1
959, 0, d, 1700642786.332416995, 1
960, 0, d, 1700642786.367178015, 1
961, 0, d, 1700642786.401531030, 1
962, 0, d, 1700642786.436409066, 1
963, 0, d, 1700642786.470759806, 1
964, 0, d, 1700642786.505567644, 1
965, 0, d, 1700642786.540026838, 1
966, 0, d, 1700642786.574837160, 1
967, 0, d, 1700642786.609396169, 1
968, 0, d, 1700642786.643981920, 1
969, 0, d, 1700642786.678508218, 1
970, 0, d, 1700642786.713511021, 1
971, 0, d, 1700642786.748871162, 1
972, 0, d, 1700642786.783955648, 1
973, 0, d, 1700642786.818368565, 1
974, 0, d, 1700642786.852925448, 1
975, 0, d, 1700642786.887601872, 1
976, 0, d, 1700642786.922131387, 1
977, 0, d, 1700642786.956781994, 1
978, 0, d, 1700642786.991373686, 1
979, 0, d, 1700642787.25928193, 1
980, 0, d, 1700642787.60637911, 1
981, 0, d, 1700642787.95179642, 1
982, 0, d, 1700642787.129702245, 1
983, 0, d, 1700642787.164766422, 1
984, 0, d, 1700642787.200019694, 1
985, 0, d, 1700642787.235185602, 1
986, 0, d, 1700642787.270139616, 1
987, 0, d, 1700642787.305052837, 1
988, 0, d, 1700642787.340250275, 1
989, 0, d, 1700642787.375450909, 1
990, 0, d, 1700642787.410455025, 1
991, 0, d, 1700642787.445105797, 1
992, 0, d, 1700642787.480870960, 1
993, 0, d, 1700642787.516670205, 1
994, 0, d, 1700642787.551300256, 1
995, 0, d, 1700642787.585989027, 1
996, 0, d, 1700642787.620862618, 1
997, 0, d, 1700642787.656311591, 1
998, 0, d, 1700642787.690768322, 1
999, 0, d, 1700642787.725854528, 1
1000, 0, d, 1700642787.761119466, 1
